{
  "Experiment A \u2014 CONTROL (uniform length)": {
    "static": {
      "uniform": {
        "count": 96,
        "e2e_p50": 9388.953879000155,
        "e2e_p99": 16385.331038999993,
        "client_p50": 9419.300212999815,
        "client_p99": 16388.705779000018,
        "queue_wait_p50": 7557.316823000065,
        "queue_wait_p99": 14554.73588100017,
        "req_per_s": 4.022825134180046,
        "out_tok_per_s": 257.46080858752293
      },
      "all": {
        "count": 96,
        "e2e_p50": 9388.953879000155,
        "e2e_p99": 16385.331038999993,
        "client_p50": 9419.300212999815,
        "client_p99": 16388.705779000018,
        "queue_wait_p50": 7557.316823000065,
        "queue_wait_p99": 14554.73588100017,
        "req_per_s": 4.022825134180046,
        "out_tok_per_s": 257.46080858752293
      },
      "_meta": {
        "wall_s": 23.86382624099997,
        "failed": 0
      }
    },
    "continuous": {
      "uniform": {
        "count": 96,
        "e2e_p50": 10725.068047999684,
        "e2e_p99": 18160.313103000135,
        "client_p50": 10729.8017789999,
        "client_p99": 18165.161608999824,
        "queue_wait_p50": 8654.383083999619,
        "queue_wait_p99": 16082.686102000025,
        "req_per_s": 3.742061516880063,
        "out_tok_per_s": 239.49193708032402
      },
      "all": {
        "count": 96,
        "e2e_p50": 10725.068047999684,
        "e2e_p99": 18160.313103000135,
        "client_p50": 10729.8017789999,
        "client_p99": 18165.161608999824,
        "queue_wait_p50": 8654.383083999619,
        "queue_wait_p99": 16082.686102000025,
        "req_per_s": 3.742061516880063,
        "out_tok_per_s": 239.49193708032402
      },
      "_meta": {
        "wall_s": 25.654308345000118,
        "failed": 0
      }
    }
  },
  "Experiment B \u2014 HEADLINE (heterogeneous length)": {
    "static": {
      "long": {
        "count": 23,
        "e2e_p50": 27615.947889999916,
        "e2e_p99": 42587.90832399973,
        "client_p50": 27621.34385499985,
        "client_p99": 42591.242899000004,
        "queue_wait_p50": 23156.745636000323,
        "queue_wait_p99": 38171.13445699988,
        "req_per_s": 0.45579726885670735,
        "out_tok_per_s": 72.92756301707318
      },
      "short": {
        "count": 73,
        "e2e_p50": 27296.551822999845,
        "e2e_p99": 39000.53213299998,
        "client_p50": 27301.841138999862,
        "client_p99": 39003.32868999976,
        "queue_wait_p50": 22837.349569000253,
        "queue_wait_p99": 38476.110686999615,
        "req_per_s": 1.4466608968060712,
        "out_tok_per_s": 23.14657434889714
      },
      "all": {
        "count": 96,
        "e2e_p50": 27336.26779899987,
        "e2e_p99": 42540.43302499986,
        "client_p50": 27341.327126000124,
        "client_p99": 42543.87265500009,
        "queue_wait_p50": 22877.065545000278,
        "queue_wait_p99": 38476.110686999615,
        "req_per_s": 1.9024581656627786,
        "out_tok_per_s": 96.07413736597032
      },
      "_meta": {
        "wall_s": 50.461030750999726,
        "failed": 0
      }
    },
    "continuous": {
      "long": {
        "count": 23,
        "e2e_p50": 9982.042930000262,
        "e2e_p99": 16739.741206999952,
        "client_p50": 9987.524816999667,
        "client_p99": 16743.22571699986,
        "queue_wait_p50": 4719.691030999911,
        "queue_wait_p99": 12348.742654000034,
        "req_per_s": 0.9344512065750469,
        "out_tok_per_s": 149.5121930520075
      },
      "short": {
        "count": 73,
        "e2e_p50": 7740.29829500023,
        "e2e_p99": 13074.551835999955,
        "client_p50": 7744.907855999827,
        "client_p99": 13080.162909000137,
        "queue_wait_p50": 7276.86636999988,
        "queue_wait_p99": 12424.312212000132,
        "req_per_s": 2.96586687304254,
        "out_tok_per_s": 47.45386996868064
      },
      "all": {
        "count": 96,
        "e2e_p50": 9056.182405999607,
        "e2e_p99": 14796.454876000098,
        "client_p50": 9060.013531000095,
        "client_p99": 14801.626285000111,
        "queue_wait_p50": 4737.796183000228,
        "queue_wait_p99": 12424.312212000132,
        "req_per_s": 3.900318079617587,
        "out_tok_per_s": 196.96606302068815
      },
      "_meta": {
        "wall_s": 24.613377176000085,
        "failed": 0
      }
    }
  }
}